ticker,yahoo_ticker,name
EXAS,EXAS,EXACT SCIENCES CORP
IONS,IONS,IONIS PHARMACEUTICALS INC
TDOC,TDOC,TELADOC HEALTH INC
FATE,FATE,FATE THERAPEUTICS INC
CDNA,CDNA,CAREDX INC
SGFY,SGFY,SIGNIFY HEALTH INC -CLASS A
VRTX,VRTX,VERTEX PHARMACEUTICALS INC
CRSP,CRSP,CRISPR THERAPEUTICS AG
INCY,INCY,INCYTE CORP
NTLA,NTLA,INTELLIA THERAPEUTICS INC
PACB,PACB,PACIFIC BIOSCIENCES OF CALIF
BEAM,BEAM,BEAM THERAPEUTICS INC
TWST,TWST,TWIST BIOSCIENCE CORP
SDGR,SDGR,SCHRODINGER INC
MASS,MASS,908 DEVICES INC
ADPT,ADPT,ADAPTIVE BIOTECHNOLOGIES
DNA,DNA,GINKGO BIOWORKS HOLDINGS INC
SLGC,SLGC,SOMALOGIC INC
PATH,PATH,UIPATH INC - CLASS A
QSI,QSI,QUANTUM-SI INC
ONEM,ONEM,1LIFE HEALTHCARE INC
ARCT UQ,ARCT,ARCTURUS THERAPEUTICS HOLDIN
CDXS,CDXS,CODEXIS INC
IOVA,IOVA,IOVANCE BIOTHERAPEUTICS INC
VEEV,VEEV,VEEVA SYSTEMS INC-CLASS A
ACCD,ACCD,ACCOLADE INC
VCYT,VCYT,VERACYTE INC
REGN,REGN,REGENERON PHARMACEUTICALS
PFE,PFE,PFIZER INC
RPTX,RPTX,REPARE THERAPEUTICS INC
NVTA,NVTA,INVITAE CORP
PSNL,PSNL,PERSONALIS INC
TXG,TXG,10X GENOMICS INC-CLASS A
VERV,VERV,VERVE THERAPEUTICS INC
BFLY,BFLY,BUTTERFLY NETWORK INC
DYNS,DYNS,DYNAMICS SPECIAL PURPOSE C-A
CERS,CERS,CERUS CORP
BLI,BLI,BERKELEY LIGHTS INC
RXRX,RXRX,RECURSION PHARMACEUTICALS-A
BNR,BNR,BURNING ROCK BIOTECH LTD-ADR
SURF,SURF,SURFACE ONCOLOGY INC
NRIX,NRIX,NURIX THERAPEUTICS INC
EDIT,EDIT,EDITAS MEDICINE INC
CGEN,CGEN,COMPUGEN LTD
ZY,ZY,ZYMERGEN INC
ONVO ,ONVO,ORGANOVO HOLDINGS INC
CSTL,CSTL,CASTLE BIOSCIENCES INC
ATAI UQ,ATAI,ATAI LIFE SCIENCES NV
