Ticker,Yahoo,Name
FLWS,FLWS,1-800-Flowers.com Inc
SRCE,SRCE,1st Source Corp
TWOU,TWOU,2U Inc
DDD,DDD,3D Systems Corp
EGHT,EGHT,8x8 Inc
AMRK,AMRK,A-Mark Precious Metals Inc
ATEN,ATEN,A10 Networks Inc
AAON,AAON,AAON Inc
AIR,AIR,AAR Corp
AAN,AAN,Aarons Co Inc
ABCL,ABCL,AbCellera Biologics Inc
ANF,ANF,Abercrombie & Fitch Co
ABM,ABM,ABM Industries Inc
ASO,ASO,Academy Sports & Outdoors Inc
ACAD,ACAD,ACADIA Pharmaceuticals Inc
AKR,AKR,Acadia Realty Trust
ACCO,ACCO,ACCO Brands Corp
ACIW,ACIW,ACI Worldwide Inc
ACNB,ACNB,ACNB Corp
GOLF,GOLF,Acushnet Holdings Corp
AHCO,AHCO,AdaptHealth Corp
ADUS,ADUS,Addus HomeCare Corp
ADNT,ADNT,Adient PLC
ATGE,ATGE,Adtalem Global Education Inc
ADTN,ADTN,ADTRAN Holdings Inc
AEIS,AEIS,Advanced Energy Industries Inc
ASIX,ASIX,AdvanSix Inc
ADV,ADV,Advantage Solutions Inc
AERI,AERI,Aerie Pharmaceuticals Inc
AJRD,AJRD,Aerojet Rocketdyne Holdings Inc
AVAV,AVAV,AeroVironment Inc
AGYS,AGYS,Agilysys Inc
ADC,ADC,Agree Realty Corp
ATSG,ATSG,Air Transport Services Group Inc
ALG,ALG,Alamo Group Inc
ALRM,ALRM,Alarm.com Holdings Inc
AIN,AIN,Albany International Corp
ALEC,ALEC,Alector Inc
ALEX,ALEX,Alexander & Baldwin Inc
ALX,ALX,Alexanders Inc
ALCO,ALCO,Alico Inc
ALIT,ALIT,Alight Inc
ALKS,ALKS,Alkermes PLC
ABTX,ABTX,Allegiance Bancshares Inc
ALGT,ALGT,Allegiant Travel Co
ALE,ALE,ALLETE Inc
AMOT,AMOT,Allied Motion Technologies Inc
MDRX,MDRX,Allscripts Healthcare Solutions Inc
AOSL,AOSL,Alpha & Omega Semiconductor Ltd
AMR,AMR,Alpha Metallurgical Resources Inc
ALTR,ALTR,Altair Engineering Inc
ALTO,ALTO,Alto Ingredients Inc
AIMC,AIMC,Altra Industrial Motion Corp
AMBA,AMBA,Ambarella Inc
AMCX,AMCX,AMC Networks Inc
AMTB,AMTB,Amerant Bancorp Inc
AMRC,AMRC,Ameresco Inc
AAT,AAT,American Assets Trust Inc
AXL,AXL,American Axle & Manufacturing Holdings Inc
AEO,AEO,American Eagle Outfitters Inc
AEL,AEL,American Equity Investment Life Holding Co
AMNB,AMNB,American National Bankshares Inc
APEI,APEI,American Public Education Inc
AMSWA,AMSWA,American Software Inc
AWR,AWR,American States Water Co
AVD,AVD,American Vanguard Corp
AMWD,AMWD,American Woodmark Corp
ABCB,ABCB,Ameris Bancorp
AMSF,AMSF,AMERISAFE Inc
FOLD,FOLD,Amicus Therapeutics Inc
AMKR,AMKR,Amkor Technology Inc
AMN,AMN,AMN Healthcare Services Inc
AMRX,AMRX,Amneal Pharmaceuticals Inc
AMPH,AMPH,Amphastar Pharmaceuticals Inc
AMPY,AMPY,Amplify Energy Corp
ANDE,ANDE,Andersons Inc
ANGO,ANGO,AngioDynamics Inc
ANIP,ANIP,ANI Pharmaceuticals Inc
ANIK,ANIK,Anika Therapeutics Inc
HOUS,HOUS,Anywhere Real Estate Inc
AIV,AIV,Apartment Investment and Management Co
APLS,APLS,Apellis Pharmaceuticals Inc
APG,APG,API Group Corp
APOG,APOG,Apogee Enterprises Inc
ARI,ARI,Apollo Commercial Real Estate Finance Inc
AMEH,AMEH,Apollo Medical Holdings Inc
APPF,APPF,Appfolio Inc
APPN,APPN,Appian Corp
APLE,APLE,Apple Hospitality REIT Inc
AIT,AIT,Applied Industrial Technologies Inc
ABR,ABR,Arbor Realty Trust Inc
ARCB,ARCB,ArcBest Corp
ARCH,ARCH,Arch Resources Inc
LFG,LFG,Archaea Energy Inc
AROC,AROC,Archrock Inc
ARNC,ARNC,Arconic Corp
ACA,ACA,Arcosa Inc
RCUS,RCUS,Arcus Biosciences Inc
AREN,AREN,Arena Group Holdings Inc
ACRE,ACRE,Ares Commercial Real Estate Corp
AGX,AGX,Argan Inc
ARGO,ARGO,Argo Group International Holdings Ltd
ARLO,ARLO,Arlo Technologies Inc
AHH,AHH,Armada Hoffler Properties Inc
ARR,ARR,ARMOUR Residential REIT Inc
ARRY,ARRY,Array Technologies Inc
AROW,AROW,Arrow Financial Corp
ARWR,ARWR,Arrowhead Pharmaceuticals Inc
ARTNA,ARTNA,Artesian Resources Corp
APAM,APAM,Artisan Partners Asset Management Inc
ARVN,ARVN,Arvinas Inc
ASAN,ASAN,Asana Inc
ABG,ABG,Asbury Automotive Group Inc
ASGN,ASGN,ASGN Inc
ASB,ASB,Associated Banc-Corp
ASTE,ASTE,Astec Industries Inc
AVIR,AVIR,Atea Pharmaceuticals Inc
ATI,ATI,ATI Inc
ATKR,ATKR,Atkore Inc
AUB,AUB,Atlantic Union Bankshares Corp
ATLC,ATLC,Atlanticus Holdings Corp
AAWW,AAWW,Atlas Air Worldwide Holdings Inc
ATCX,ATCX,Atlas Technical Consultants Inc
ATRC,ATRC,AtriCure Inc
ATRI,ATRI,Atrion Corp
AUD,AUD,Audacy Inc
AVNS,AVNS,Avanos Medical Inc
AVYA,AVYA,Avaya Holdings Corp
AVID,AVID,Avid Technology Inc
AVNT,AVNT,Avient Corp
AVA,AVA,Avista Corp
ACLS,ACLS,Axcelis Technologies Inc
AXNX,AXNX,Axonics Inc
AX,AX,Axos Financial Inc
AZZ,AZZ,AZZ Inc
RILY,RILY,B Riley Financial Inc
BGS,BGS,B&G Foods Inc
BW,BW,Babcock & Wilcox Enterprises Inc
BMI,BMI,Badger Meter Inc
BCPC,BCPC,Balchem Corp
BANC,BANC,Banc of California Inc
BANF,BANF,BancFirst Corp
BLX,BLX,Banco Latinoamericano de Comercio Exterior SA
TBBK,TBBK,Bancorp Inc
BFC,BFC,Bank First Corp
BMRC,BMRC,Bank of Marin Bancorp
NTB,NTB,Bank of NT Butterfield & Son Ltd
BKU,BKU,BankUnited Inc
BWFG,BWFG,Bankwell Financial Group Inc
BANR,BANR,Banner Corp
B,B,Barnes Group Inc
BBSI,BBSI,Barrett Business Services Inc
BCML,BCML,BayCom Corp
BCBP,BCBP,BCB Bancorp Inc
BODY,BODY,Beachbody Co Inc
BECN,BECN,Beacon Roofing Supply Inc
BEAM,BEAM,Beam Therapeutics Inc
SKIN,SKIN,Beauty Health Co
BZH,BZH,Beazer Homes USA Inc
BBBY,BBBY,Bed Bath & Beyond Inc
BDC,BDC,Belden Inc
BRBR,BRBR,BellRing Brands Inc
BHE,BHE,Benchmark Electronics Inc
BNFT,BNFT,Benefitfocus Inc
BHLB,BHLB,Berkshire Hills Bancorp Inc
BRY,BRY,Berry Corp
BGCP,BGCP,BGC Partners Inc
BGFV,BGFV,Big 5 Sporting Goods Corp
BIG,BIG,Big Lots Inc
BCRX,BCRX,BioCryst Pharmaceuticals Inc
BHVN,BHVN,Biohaven Pharmaceutical Holding Co Ltd
BJRI,BJRI,BJs Restaurants Inc
BKH,BKH,Black Hills Corp
BLKB,BLKB,Blackbaud Inc
BL,BL,Blackline Inc
BXMT,BXMT,Blackstone Mortgage Trust Inc
BE,BE,Bloom Energy Corp
BLMN,BLMN,Bloomin Brands Inc
BCOR,BCOR,Blucora Inc
BLBD,BLBD,Blue Bird Corp
BRBS,BRBS,Blue Ridge Bankshares Inc
BVH,BVH,Bluegreen Vacations Holding Corp
BXC,BXC,BlueLinx Holdings Inc
BPMC,BPMC,Blueprint Medicines Corp
BRG,BRG,Bluerock Residential Growth REIT Inc
BCC,BCC,Boise Cascade Co
BOOT,BOOT,Boot Barn Holdings Inc
BORR,BORR,Borr Drilling Ltd
BOX,BOX,Box Inc
BRC,BRC,Brady Corp
BHR,BHR,Braemar Hotels & Resorts Inc
BDN,BDN,Brandywine Realty Trust
BFH,BFH,Bread Financial Holdings Inc
MNRL,MNRL,Brigham Minerals Inc
BCOV,BCOV,Brightcove Inc
BSIG,BSIG,Brightsphere Investment Group Inc
BV,BV,BrightView Holdings Inc
EAT,EAT,Brinker International Inc
BCO,BCO,Brinks Co
VTOL,VTOL,Bristow Group Inc
BRMK,BRMK,Broadmark Realty Capital Inc
BNL,BNL,Broadstone Net Lease Inc
BIPC,BIPC,Brookfield Infrastructure Corp
BRKL,BRKL,Brookline Bancorp Inc
BRP,BRP,BRP Group Inc
BRT,BRT,BRT Apartments Corp
BKE,BKE,Buckle Inc
BBW,BBW,Build-A-Bear Workshop Inc
BMBL,BMBL,Bumble Inc
BY,BY,Byline Bancorp Inc
CBT,CBT,Cabot Corp
WHD,WHD,Cactus Inc
CADE,CADE,Cadence Bank
CSTE,CSTE,Caesarstone Ltd
CALM,CALM,Cal-Maine Foods Inc
CAL,CAL,Caleres Inc
CRC,CRC,California Resources Corp
CWT,CWT,California Water Service Group
CALX,CALX,Calix Inc
CPE,CPE,Callon Petroleum Co
CMBM,CMBM,Cambium Networks Corp
CATC,CATC,Cambridge Bancorp
CAC,CAC,Camden National Corp
CWH,CWH,Camping World Holdings Inc
CNNE,CNNE,Cannae Holdings Inc
CCBG,CCBG,Capital City Bank Group Inc
CFFN,CFFN,Capitol Federal Financial Inc
CSII,CSII,Cardiovascular Systems Inc
CDNA,CDNA,CareDx Inc
CTRE,CTRE,CareTrust REIT Inc
CARG,CARG,Cargurus Inc
PRTS,PRTS,CarParts.com Inc
CRS,CRS,Carpenter Technology Corp
CSV,CSV,Carriage Services Inc
CARS,CARS,Cars.com Inc
CASA,CASA,Casa Systems Inc
CWST,CWST,Casella Waste Systems Inc
CASS,CASS,Cass Information Systems Inc
CPRX,CPRX,Catalyst Pharmaceuticals Inc
CATY,CATY,Cathay General Bancorp
CVCO,CVCO,Cavco Industries Inc
CBZ,CBZ,CBIZ Inc
CBL,CBL,CBL & Associates Properties Inc
CBTX,CBTX,CBTX Inc
CLDX,CLDX,Celldex Therapeutics Inc
CELH,CELH,Celsius Holdings Inc
CSR,CSR,Centerspace
CENTA,CENTA,Central Garden & Pet Co
CENT,CENT,Central Garden & Pet Co
CPF,CPF,Central Pacific Financial Corp
LEU,LEU,Centrus Energy Corp
CCS,CCS,Century Communities Inc
CRNC,CRNC,Cerence Inc
CERE,CERE,Cerevel Therapeutics Holdings Inc
CERS,CERS,Cerus Corp
CEVA,CEVA,CEVA Inc
CHX,CHX,ChampionX Corp
ECOM,ECOM,ChannelAdvisor Corp
GTLS,GTLS,Chart Industries Inc
CCF,CCF,Chase Corp
CLDT,CLDT,Chatham Lodging Trust
CAKE,CAKE,Cheesecake Factory Inc
CHEF,CHEF,Chefs Warehouse Inc
CHGG,CHGG,Chegg Inc
CCXI,CCXI,ChemoCentryx Inc
CPK,CPK,Chesapeake Utilities Corp
CHS,CHS,Chicos FAS Inc
PLCE,PLCE,Childrens Place Inc
CIM,CIM,Chimera Investment Corp
CHRD,CHRD,Chord Energy Corp
CHUY,CHUY,Chuys Holdings Inc
CMPR,CMPR,Cimpress PLC
CIR,CIR,CIRCOR International Inc
CTRN,CTRN,Citi Trends Inc
CZNC,CZNC,Citizens & Northern Corp
CHCO,CHCO,City Holding Co
CIO,CIO,City Office REIT Inc
CIVB,CIVB,Civista Bancshares Inc
CIVI,CIVI,Civitas Resources Inc
CMTG,CMTG,Claros Mortgage Trust Inc
CLAR,CLAR,Clarus Corp
CLFD,CLFD,Clearfield Inc
CLW,CLW,Clearwater Paper Corp
CWEN/A,CWEN-A,Clearway Energy Inc
CWEN,CWEN,Clearway Energy Inc
CCNE,CCNE,CNB Financial Corp
CNO,CNO,CNO Financial Group Inc
CNX,CNX,CNX Resources Corp
COKE,COKE,Coca-Cola Consolidated Inc
CCOI,CCOI,Cogent Communications Holdings Inc
CNS,CNS,Cohen & Steers Inc
CHRS,CHRS,Coherus Biosciences Inc
COHU,COHU,Cohu Inc
COLL,COLL,Collegium Pharmaceutical Inc
CBAN,CBAN,Colony Bankcorp Inc
COLB,COLB,Columbia Banking System Inc
CLBK,CLBK,Columbia Financial Inc
CMCO,CMCO,Columbus McKinnon Corp
FIX,FIX,Comfort Systems USA Inc
CMC,CMC,Commercial Metals Co
COMM,COMM,CommScope Holding Co Inc
CBU,CBU,Community Bank System Inc
CHCT,CHCT,Community Healthcare Trust Inc
CTBI,CTBI,Community Trust Bancorp Inc
CVLT,CVLT,CommVault Systems Inc
COMP,COMP,Compass Inc
CMP,CMP,Compass Minerals International Inc
CPSI,CPSI,Computer Programs and Systems Inc
CRK,CRK,Comstock Resources Inc
CMTL,CMTL,Comtech Telecommunications Corp
CNDT,CNDT,Conduent Inc
CNMD,CNMD,CONMED Corp
CNOB,CNOB,ConnectOne Bancorp Inc
CONN,CONN,Conns Inc
CCSI,CCSI,Consensus Cloud Solutions Inc
CEIX,CEIX,CONSOL Energy Inc
CNSL,CNSL,Consolidated Communications Holdings Inc
CSTM,CSTM,Constellium SE
CPSS,CPSS,Consumer Portfolio Services Inc
TCS,TCS,Container Store Group Inc
WISH,WISH,ContextLogic Inc
CORT,CORT,Corcept Therapeutics Inc
CORZ,CORZ,Core Scientific Inc
CXW,CXW,CoreCivic Inc
OFC,OFC,Corporate Office Properties Trust
CRSR,CRSR,Corsair Gaming Inc
CRVL,CRVL,CorVel Corp
CMRE,CMRE,Costamare Inc
BASE,BASE,Couchbase Inc
CVLG,CVLG,Covenant Logistics Group Inc
CVET,CVET,Covetrus Inc
COWN,COWN,Cowen Inc
CRAI,CRAI,CRA International Inc
CBRL,CBRL,Cracker Barrel Old Country Store Inc
CRD/A,CRD-A,Crawford & Co
CROX,CROX,Crocs Inc
CCRN,CCRN,Cross Country Healthcare Inc
CSGS,CSGS,CSG Systems International Inc
CSWI,CSWI,CSW Industrials Inc
CTIC,CTIC,CTI BioPharma Corp
CTO,CTO,CTO Realty Growth Inc
CTS,CTS,CTS Corp
HLTH,HLTH,Cue Health Inc
CURO,CURO,Curo Group Holdings Corp
CWK,CWK,Cushman & Wakefield PLC
CUBI,CUBI,Customers Bancorp Inc
CUTR,CUTR,Cutera Inc
CVBF,CVBF,CVB Financial Corp
CVT,CVT,Cvent Holding Corp
CVI,CVI,CVR Energy Inc
CYBE,CYBE,CyberOptics Corp
CYTK,CYTK,Cytokinetics Inc
DAN,DAN,Dana Inc
DSKE,DSKE,Daseke Inc
PLAY,PLAY,Dave & Busters Entertainment Inc
DK,DK,Delek US Holdings Inc
DLX,DLX,Deluxe Corp
DEN,DEN,Denbury Inc
DENN,DENN,Dennys Corp
DBI,DBI,Designer Brands Inc
DXLG,DXLG,Destination XL Group Inc
DHX,DHX,DHI Group Inc
DHT,DHT,DHT Holdings Inc
DHIL,DHIL,Diamond Hill Investment Group Inc
DO,DO,Diamond Offshore Drilling Inc
DRH,DRH,DiamondRock Hospitality Co
DGII,DGII,Digi International Inc
APPS,APPS,Digital Turbine Inc
DBRG,DBRG,DigitalBridge Group Inc
DOCN,DOCN,DigitalOcean Holdings Inc
DDS,DDS,Dillards Inc
DCOM,DCOM,Dime Community Bancshares Inc
DIN,DIN,Dine Brands Global Inc
DIOD,DIOD,Diodes Inc
DSGR,DSGR,Distribution Solutions Group Inc
DHC,DHC,Diversified Healthcare Trust
DOMO,DOMO,Domo Inc
DFIN,DFIN,Donnelley Financial Solutions Inc
LPG,LPG,Dorian LPG Ltd
DORM,DORM,Dorman Products Inc
PLOW,PLOW,Douglas Dynamics Inc
DOUG,DOUG,Douglas Elliman Inc
DRQ,DRQ,Dril-Quip Inc
DCO,DCO,Ducommun Inc
DLTH,DLTH,Duluth Holdings Inc
DUOL,DUOL,Duolingo Inc
DXPE,DXPE,DXP Enterprises Inc
DY,DY,Dycom Industries Inc
DVAX,DVAX,Dynavax Technologies Corp
DX,DX,Dynex Capital Inc
EGBN,EGBN,Eagle Bancorp Inc
EGLE,EGLE,Eagle Bulk Shipping Inc
EGRX,EGRX,Eagle Pharmaceuticals Inc
ESTE,ESTE,Earthstone Energy Inc
DEA,DEA,Easterly Government Properties Inc
EBC,EBC,Eastern Bankshares Inc
EBIX,EBIX,Ebix Inc
SATS,SATS,EchoStar Corp
EPC,EPC,Edgewell Personal Care Co
EGIO,EGIO,Edgio Inc
EGAN,EGAN,eGain Corp
LOCO,LOCO,El Pollo Loco Holdings Inc
ELF,ELF,elf Beauty Inc
EFC,EFC,Ellington Financial Inc
EMBC,EMBC,Embecta Corp
EME,EME,EMCOR Group Inc
EBS,EBS,Emergent BioSolutions Inc
EP,EP,Empire Petroleum Corp
ESRT,ESRT,Empire State Realty Trust Inc
EIG,EIG,Employers Holdings Inc
ACT,ACT,Enact Holdings Inc
ENTA,ENTA,Enanta Pharmaceuticals Inc
ECPG,ECPG,Encore Capital Group Inc
WIRE,WIRE,Encore Wire Corp
ENR,ENR,Energizer Holdings Inc
EFR,EFR,Energy Fuels Inc
ERII,ERII,Energy Recovery Inc
EPAC,EPAC,Enerpac Tool Group Corp
ENS,ENS,EnerSys
EBF,EBF,Ennis Inc
ENVA,ENVA,Enova International Inc
NPO,NPO,EnPro Industries Inc
ENSG,ENSG,Ensign Group Inc
ESGR,ESGR,Enstar Group Ltd
EFSC,EFSC,Enterprise Financial Services Corp
ENV,ENV,Envestnet Inc
PLUS,PLUS,ePlus Inc
ETRN,ETRN,Equitrans Midstream Corp
EQC,EQC,Equity Commonwealth
ESE,ESE,ESCO Technologies Inc
ESQ,ESQ,Esquire Financial Holdings Inc
ESNT,ESNT,Essent Group Ltd
EPRT,EPRT,Essential Properties Realty Trust Inc
ETD,ETD,Ethan Allen Interiors Inc
EVRI,EVRI,Everi Holdings Inc
EVER,EVER,EverQuote Inc
EVTC,EVTC,EVERTEC Inc
EVOP,EVOP,Evo Payments Inc
EVH,EVH,Evolent Health Inc
EOLS,EOLS,Evolus Inc
AQUA,AQUA,Evoqua Water Technologies Corp
SSP,SSP,EW Scripps Co
EXLS,EXLS,ExlService Holdings Inc
EXPI,EXPI,eXp World Holdings Inc
EXPO,EXPO,Exponent Inc
EXTR,EXTR,Extreme Networks Inc
EZPW,EZPW,EZCORP Inc
FN,FN,Fabrinet
FMAO,FMAO,Farmers & Merchants Bancorp Inc/Archbold OH
FMNB,FMNB,Farmers National Banc Corp
FPI,FPI,Farmland Partners Inc
FARO,FARO,FARO Technologies Inc
FBK,FBK,FB Financial Corp
AGM,AGM,Federal Agricultural Mortgage Corp
FSS,FSS,Federal Signal Corp
FHI,FHI,Federated Hermes Inc
FIGS,FIGS,Figs Inc
FISI,FISI,Financial Institutions Inc
FA,FA,First Advantage Corp
FBP,FBP,First BanCorp
FNLC,FNLC,First Bancorp Inc
FBNC,FBNC,First Bancorp/Southern Pines NC
FBMS,FBMS,First Bancshares Inc
BUSE,BUSE,First Busey Corp
FBIZ,FBIZ,First Business Financial Services Inc
FCF,FCF,First Commonwealth Financial Corp
FFBC,FFBC,First Financial Bancorp
FFIN,FFIN,First Financial Bankshares Inc
THFF,THFF,First Financial Corp
FFWM,FFWM,First Foundation Inc
FGBI,FGBI,First Guaranty Bancshares Inc
INBK,INBK,First Internet Bancorp
FIBK,FIBK,First Interstate BancSystem Inc
FRME,FRME,First Merchants Corp
FMBH,FMBH,First Mid Bancshares Inc
FLIC,FLIC,First of Long Island Corp
MYFW,MYFW,First Western Financial Inc
FCFS,FCFS,FirstCash Holdings Inc
FBC,FBC,Flagstar Bancorp Inc
FLNG,FLNG,FLEX LNG Ltd
FLR,FLR,Fluor Corp
FFIC,FFIC,Flushing Financial Corp
FOCS,FOCS,Focus Financial Partners Inc
FL,FL,Foot Locker Inc
FOR,FOR,Forestar Group Inc
FORM,FORM,FormFactor Inc
FORR,FORR,Forrester Research Inc
FWRD,FWRD,Forward Air Corp
FOSL,FOSL,Fossil Group Inc
FCPT,FCPT,Four Corners Property Trust Inc
FOXF,FOXF,Fox Factory Holding Corp
FRG,FRG,Franchise Group Inc
FC,FC,Franklin Covey Co
FELE,FELE,Franklin Electric Co Inc
FSP,FSP,Franklin Street Properties Corp
FDP,FDP,Fresh Del Monte Produce Inc
FTDR,FTDR,Frontdoor Inc
FRPH,FRPH,FRP Holdings Inc
FLGT,FLGT,Fulgent Genetics Inc
FULT,FULT,Fulton Financial Corp
FNKO,FNKO,Funko Inc
FVCB,FVCB,FVCBankcorp Inc
GIII,GIII,G-III Apparel Group Ltd
GCI,GCI,Gannett Co Inc
GATX,GATX,GATX Corp
GCP,GCP,GCP Applied Technologies Inc
GNK,GNK,Genco Shipping & Trading Ltd
GCO,GCO,Genesco Inc
THRM,THRM,Gentherm Inc
GNW,GNW,Genworth Financial Inc
GEO,GEO,GEO Group Inc
GABC,GABC,German American Bancorp Inc
GTY,GTY,Getty Realty Corp
ROCK,ROCK,Gibraltar Industries Inc
GBCI,GBCI,Glacier Bancorp Inc
GOOD,GOOD,Gladstone Commercial Corp
LAND,LAND,Gladstone Land Corp
GBT,GBT,Global Blood Therapeutics Inc
GIC,GIC,Global Industrial Co
GMRE,GMRE,Global Medical REIT Inc
GNL,GNL,Global Net Lease Inc
GMS,GMS,GMS Inc
GOGO,GOGO,Gogo Inc
GLNG,GLNG,Golar LNG Ltd
GDEN,GDEN,Golden Entertainment Inc
GOGL,GOGL,Golden Ocean Group Ltd
GT,GT,Goodyear Tire & Rubber Co
GPRO,GPRO,GoPro Inc
GRC,GRC,Gorman-Rupp Co
EAF,EAF,GrafTech International Ltd
GHC,GHC,Graham Holdings Co
GVA,GVA,Granite Construction Inc
GPMT,GPMT,Granite Point Mortgage Trust Inc
GTN,GTN,Gray Television Inc
GLDD,GLDD,Great Lakes Dredge & Dock Corp
GSBC,GSBC,Great Southern Bancorp Inc
GRBK,GRBK,Green Brick Partners Inc
GDOT,GDOT,Green Dot Corp
GPRE,GPRE,Green Plains Inc
GBX,GBX,Greenbrier Cos Inc
GCBC,GCBC,Greene County Bancorp Inc
GEF,GEF,Greif Inc
GDYN,GDYN,Grid Dynamics Holdings Inc
GFF,GFF,Griffon Corp
GPI,GPI,Group 1 Automotive Inc
GRPN,GRPN,Groupon Inc
GES,GES,Guess? Inc
GPOR,GPOR,Gulfport Energy Corp
HEES,HEES,H&E Equipment Services Inc
HCKT,HCKT,Hackett Group Inc
HAE,HAE,Haemonetics Corp
HAIN,HAIN,Hain Celestial Group Inc
HALO,HALO,Halozyme Therapeutics Inc
HLNE,HLNE,Hamilton Lane Inc
HWC,HWC,Hancock Whitney Corp
HNGR,HNGR,Hanger Inc
HAFC,HAFC,Hanmi Financial Corp
HASI,HASI,Hannon Armstrong Sustainable Infrastructure Capital Inc
HONE,HONE,HarborOne Bancorp Inc
HLIT,HLIT,Harmonic Inc
HRMY,HRMY,Harmony Biosciences Holdings Inc
HVT,HVT,Haverty Furniture Cos Inc
HA,HA,Hawaiian Holdings Inc
HWKN,HWKN,Hawkins Inc
FUL,FUL,HB Fuller Co
HCSG,HCSG,Healthcare Services Group Inc
HQY,HQY,HealthEquity Inc
HSTM,HSTM,HealthStream Inc
HTLD,HTLD,Heartland Express Inc
HTLF,HTLF,Heartland Financial USA Inc
HL,HL,Hecla Mining Co
HSII,HSII,Heidrick & Struggles International Inc
HELE,HELE,Helen of Troy Ltd
HLIO,HLIO,Helios Technologies Inc
HLX,HLX,Helix Energy Solutions Group Inc
HP,HP,Helmerich & Payne Inc
HLF,HLF,Herbalife Nutrition Ltd
HRI,HRI,Herc Holdings Inc
HTBK,HTBK,Heritage Commerce Corp
HFWA,HFWA,Heritage Financial Corp
HCCI,HCCI,Heritage-Crystal Clean Inc
HT,HT,Hersha Hospitality Trust
HIBB,HIBB,Hibbett Inc
HI,HI,Hillenbrand Inc
HTH,HTH,Hilltop Holdings Inc
HGV,HGV,Hilton Grand Vacations Inc
HIFS,HIFS,Hingham Institution For Savings The
HNI,HNI,HNI Corp
HBCP,HBCP,Home Bancorp Inc
HOMB,HOMB,Home BancShares Inc
HMST,HMST,HomeStreet Inc
HTBI,HTBI,HomeTrust Bancshares Inc
HOPE,HOPE,Hope Bancorp Inc
HMN,HMN,Horace Mann Educators Corp
HBNC,HBNC,Horizon Bancorp Inc
TWNK,TWNK,Hostess Brands Inc
HLI,HLI,Houlihan Lokey Inc
HOV,HOV,Hovnanian Enterprises Inc
HUBG,HUBG,Hub Group Inc
HDSN,HDSN,Hudson Technologies Inc
HURN,HURN,Huron Consulting Group Inc
IIIV,IIIV,I3 Verticals Inc
ICFI,ICFI,ICF International Inc
INVE,INVE,Identiv Inc
IDT,IDT,IDT Corp
IESC,IESC,IES Holdings Inc
IHRT,IHRT,iHeartMedia Inc
PI,PI,Impinj Inc
NARI,NARI,Inari Medical Inc
IRT,IRT,Independence Realty Trust Inc
INDB,INDB,Independent Bank Corp
IBCP,IBCP,Independent Bank Corp
IBTX,IBTX,Independent Bank Group Inc
ILPT,ILPT,Industrial Logistics Properties Trust
INFN,INFN,Infinera Corp
III,III,Information Services Group Inc
NGVT,NGVT,Ingevity Corp
IMKTA,IMKTA,Ingles Markets Inc
IOSP,IOSP,Innospec Inc
INNV,INNV,Innovage Holding Corp
IIPR,IIPR,Innovative Industrial Properties Inc
INVA,INVA,Innoviva Inc
INGN,INGN,Inogen Inc
NOTV,NOTV,Inotiv Inc
INSG,INSG,Inseego Corp
NSIT,NSIT,Insight Enterprises Inc
INSM,INSM,Insmed Inc
NSP,NSP,Insperity Inc
INSP,INSP,Inspire Medical Systems Inc
INSE,INSE,Inspired Entertainment Inc
IBP,IBP,Installed Building Products Inc
IIIN,IIIN,Insteel Industries Inc
ITGR,ITGR,Integer Holdings Corp
NTLA,NTLA,Intellia Therapeutics Inc
IPAR,IPAR,Inter Parfums Inc
IDCC,IDCC,InterDigital Inc
TILE,TILE,Interface Inc
IBOC,IBOC,International Bancshares Corp
IGT,IGT,International Game Technology PLC
IMXI,IMXI,International Money Express Inc
INSW,INSW,International Seaways Inc
ITCI,ITCI,Intra-Cellular Therapies Inc
IPI,IPI,Intrepid Potash Inc
IVT,IVT,InvenTrust Properties Corp
ITIC,ITIC,Investors Title Co
IRMD,IRMD,iRadimed Corp
IRTC,IRTC,iRhythm Technologies Inc
IRDM,IRDM,Iridium Communications Inc
IRBT,IRBT,iRobot Corp
IRWD,IRWD,Ironwood Pharmaceuticals Inc
STAR,STAR,iStar Inc
ITOS,ITOS,iTeos Therapeutics Inc
ITRI,ITRI,Itron Inc
ISEE,ISEE,IVERIC bio Inc
JJSF,JJSF,J & J Snack Foods Corp
JACK,JACK,Jack in the Box Inc
JXN,JXN,Jackson Financial Inc
JELD,JELD,JELD-WEN Holding Inc
JOBY,JOBY,Joby Aviation Inc
JBSS,JBSS,John B Sanfilippo & Son Inc
JBT,JBT,John Bean Technologies Corp
WLY,WLY,John Wiley & Sons Inc
JOUT,JOUT,Johnson Outdoors Inc
JYNT,JYNT,Joint Corp
KAI,KAI,Kadant Inc
KALU,KALU,Kaiser Aluminum Corp
KAMN,KAMN,Kaman Corp
KAR,KAR,KAR Auction Services Inc
KRTX,KRTX,Karuna Therapeutics Inc
KPTI,KPTI,Karyopharm Therapeutics Inc
KBH,KBH,KB Home
KRNY,KRNY,Kearny Financial Corp
KELYA,KELYA,Kelly Services Inc
KMT,KMT,Kennametal Inc
KW,KW,Kennedy-Wilson Holdings Inc
KFRC,KFRC,Kforce Inc
KE,KE,Kimball Electronics Inc
KBAL,KBAL,Kimball International Inc
KNTK,KNTK,Kinetik Holdings Inc
KNSL,KNSL,Kinsale Capital Group Inc
KRG,KRG,Kite Realty Group Trust
KREF,KREF,KKR Real Estate Finance Trust Inc
KN,KN,Knowles Corp
KTB,KTB,Kontoor Brands Inc
KOP,KOP,Koppers Holdings Inc
KFY,KFY,Korn Ferry
KOS,KOS,Kosmos Energy Ltd
KTOS,KTOS,Kratos Defense & Security Solutions Inc
KRO,KRO,Kronos Worldwide Inc
KLIC,KLIC,Kulicke & Soffa Industries Inc
LZB,LZB,La-Z-Boy Inc
LADR,LADR,Ladder Capital Corp
LBAI,LBAI,Lakeland Bancorp Inc
LKFN,LKFN,Lakeland Financial Corp
LANC,LANC,Lancaster Colony Corp
LNDC,LNDC,Landec Corp
LE,LE,Lands End Inc
LNTH,LNTH,Lantheus Holdings Inc
LPI,LPI,Laredo Petroleum Inc
LAUR,LAUR,Laureate Education Inc
LCII,LCII,LCI Industries
LZ,LZ,Legalzoom.com Inc
LMAT,LMAT,LeMaitre Vascular Inc
LC,LC,LendingClub Corp
LGIH,LGIH,LGI Homes Inc
LHCG,LHCG,LHC Group Inc
LICY,LICY,Li-Cycle Holdings Corp
LBRT,LBRT,Liberty Energy Inc
LILA,LILA,Liberty Latin America Ltd
LILAK,LILAK,Liberty Latin America Ltd
BATRA,BATRA,Liberty Media Corp-Liberty Braves
BATRK,BATRK,Liberty Media Corp-Liberty Braves
LCUT,LCUT,Lifetime Brands Inc
LGND,LGND,Ligand Pharmaceuticals Inc
LNW,LNW,Light & Wonder Inc
ZEV,ZEV,Lightning eMotors Inc
LNN,LNN,Lindsay Corp
LIVN,LIVN,LivaNova PLC
LOB,LOB,Live Oak Bancshares Inc
LTHM,LTHM,Livent Corp
RAMP,RAMP,LiveRamp Holdings Inc
LL,LL,LL Flooring Holdings Inc
LOVE,LOVE,Lovesac Co
LXU,LXU,LSB Industries Inc
LTC,LTC,LTC Properties Inc
LXP,LXP,LXP Industrial Trust
MHO,MHO,M/I Homes Inc
MCBC,MCBC,Macatawa Bank Corp
MAC,MAC,Macerich Co
MTSI,MTSI,MACOM Technology Solutions Holdings Inc
MGNI,MGNI,Magnite Inc
MGY,MGY,Magnolia Oil & Gas Corp
MBUU,MBUU,Malibu Boats Inc
MTW,MTW,Manitowoc Co Inc
MNKD,MNKD,MannKind Corp
MANT,MANT,ManTech International Corp
MMI,MMI,Marcus & Millichap Inc
MCS,MCS,Marcus Corp
MPX,MPX,Marine Products Corp
HZO,HZO,MarineMax Inc
MQ,MQ,Marqeta Inc
MRTN,MRTN,Marten Transport Ltd
DOOR,DOOR,Masonite International Corp
MCFT,MCFT,MasterCraft Boat Holdings Inc
MTDR,MTDR,Matador Resources Co
MTRN,MTRN,Materion Corp
MATV,MATV,Mativ Holdings Inc
MATX,MATX,Matson Inc
MATW,MATW,Matthews International Corp
MAXR,MAXR,Maxar Technologies Inc
MMS,MMS,Maximus Inc
MXL,MXL,MaxLinear Inc
MBI,MBI,MBIA Inc
MGRC,MGRC,McGrath RentCorp
MDC,MDC,MDC Holdings Inc
MED,MED,Medifast Inc
MEDP,MEDP,Medpace Holdings Inc
MBWM,MBWM,Mercantile Bank Corp
MCY,MCY,Mercury General Corp
VIVO,VIVO,Meridian Bioscience Inc
MMSI,MMSI,Merit Medical Systems Inc
MTH,MTH,Meritage Homes Corp
MLAB,MLAB,Mesa Laboratories Inc
MEI,MEI,Methode Electronics Inc
MCB,MCB,Metropolitan Bank Holding Corp
MFA,MFA,MFA Financial Inc
MGEE,MGEE,MGE Energy Inc
MGPI,MGPI,MGP Ingredients Inc
MSTR,MSTR,MicroStrategy Inc
MSEX,MSEX,Middlesex Water Co
MSBI,MSBI,Midland States Bancorp Inc
MOFG,MOFG,MidWestOne Financial Group Inc
MLR,MLR,Miller Industries Inc
MLKN,MLKN,MillerKnoll Inc
MDXG,MDXG,MiMedx Group Inc
MTX,MTX,Minerals Technologies Inc
MITK,MITK,Mitek Systems Inc
MODN,MODN,Model N Inc
MOD,MOD,Modine Manufacturing Co
MODV,MODV,ModivCare Inc
MC,MC,Moelis & Co
MNTV,MNTV,Momentive Global Inc
MCRI,MCRI,Monarch Casino & Resort Inc
MGI,MGI,MoneyGram International Inc
MNRO,MNRO,Monro Inc
MNTK,MNTK,Montauk Renewables Inc
MOG/A,MOG-A,Moog Inc
MOV,MOV,Movado Group Inc
COOP,COOP,Mr Cooper Group Inc
MRC,MRC,MRC Global Inc
MLI,MLI,Mueller Industries Inc
MWA,MWA,Mueller Water Products Inc
MPLN,MPLN,Multiplan Corp
MUR,MUR,Murphy Oil Corp
MUSA,MUSA,Murphy USA Inc
MYE,MYE,Myers Industries Inc
MYRG,MYRG,MYR Group Inc
MYGN,MYGN,Myriad Genetics Inc
NBR,NBR,Nabors Industries Ltd
NC,NC,NACCO Industries Inc
NSSC,NSSC,Napco Security Technologies Inc
NBHC,NBHC,National Bank Holdings Corp
FIZZ,FIZZ,National Beverage Corp
NESR,NESR,National Energy Services Reunited Corp
NHI,NHI,National Health Investors Inc
NHC,NHC,National HealthCare Corp
NPK,NPK,National Presto Industries Inc
NRC,NRC,National Research Corp
EYE,EYE,National Vision Holdings Inc
NWLI,NWLI,National Western Life Group Inc
NAVI,NAVI,Navient Corp
NBTB,NBTB,NBT Bancorp Inc
RTL,RTL,Necessity Retail REIT Inc
NNI,NNI,Nelnet Inc
NEOG,NEOG,Neogen Corp
NEO,NEO,NeoGenomics Inc
NTGR,NTGR,NETGEAR Inc
NTCT,NTCT,NetScout Systems Inc
NTST,NTST,NETSTREIT Corp
NVRO,NVRO,Nevro Corp
NJR,NJR,New Jersey Resources Corp
NYMT,NYMT,New York Mortgage Trust Inc
NMRK,NMRK,Newmark Group Inc
NREF,NREF,Nexpoint Real Estate Finance Inc
NXRT,NXRT,NexPoint Residential Trust Inc
NXGN,NXGN,NextGen Healthcare Inc
NEX,NEX,NexTier Oilfield Solutions Inc
NIC,NIC,Nicolet Bankshares Inc
NMIH,NMIH,NMI Holdings Inc
NE,NE,Noble Corp
NBN,NBN,Northeast Bank
NOG,NOG,Northern Oil and Gas Inc
NWBI,NWBI,Northwest Bancshares Inc
NWN,NWN,Northwest Natural Holding Co
NWPX,NWPX,Northwest Pipe Co
NWE,NWE,NorthWestern Corp
NG,NG,Novagold Resources Inc
NOVT,NOVT,Novanta Inc
DNOW,DNOW,NOW Inc
NUS,NUS,Nu Skin Enterprises Inc
NUVA,NUVA,NuVasive Inc
NVEE,NVEE,NV5 Global Inc
OI,OI,O-I Glass Inc
OII,OII,Oceaneering International Inc
OCFC,OCFC,OceanFirst Financial Corp
ODP,ODP,ODP Corp
OPAD,OPAD,Offerpad Solutions Inc
OPI,OPI,Office Properties Income Trust
OFG,OFG,OFG Bancorp
OIS,OIS,Oil States International Inc
ONB,ONB,Old National Bancorp
OSBC,OSBC,Old Second Bancorp Inc
ZEUS,ZEUS,Olympic Steel Inc
OFLX,OFLX,Omega Flex Inc
OMCL,OMCL,Omnicell Inc
OGS,OGS,ONE Gas Inc
OSPN,OSPN,OneSpan Inc
ONEW,ONEW,OneWater Marine Inc
ONTO,ONTO,Onto Innovation Inc
OOMA,OOMA,Ooma Inc
LPRO,LPRO,Open Lending Corp
OPK,OPK,OPKO Health Inc
OPRT,OPRT,Oportun Financial Corp
OPY,OPY,Oppenheimer Holdings Inc
OPCH,OPCH,Option Care Health Inc
ORGO,ORGO,Organogenesis Holdings Inc
OBNK,OBNK,Origin Bancorp Inc
OEC,OEC,Orion Engineered Carbons SA
ONL,ONL,Orion Office REIT Inc
ORA,ORA,Ormat Technologies Inc
OFIX,OFIX,Orthofix Medical Inc
OSIS,OSIS,OSI Systems Inc
OTTR,OTTR,Otter Tail Corp
OUT,OUT,Outfront Media Inc
OSTK,OSTK,Overstock.com Inc
OMI,OMI,Owens & Minor Inc
OXM,OXM,Oxford Industries Inc
PPBI,PPBI,Pacific Premier Bancorp Inc
PCRX,PCRX,Pacira BioSciences Inc
PTVE,PTVE,Pactiv Evergreen Inc
PTSI,PTSI,PAM Transportation Services Inc
PZZA,PZZA,Papa Johns International Inc
PGRE,PGRE,Paramount Group Inc
PRK,PRK,Park National Corp
PKBK,PKBK,Parke Bancorp Inc
PSN,PSN,Parsons Corp
CASH,CASH,Pathward Financial Inc
PATK,PATK,Patrick Industries Inc
PDCO,PDCO,Patterson Cos Inc
PTEN,PTEN,Patterson-UTI Energy Inc
PSFE,PSFE,Paysafe Ltd
PBF,PBF,PBF Energy Inc
CNXN,CNXN,PC Connection Inc
PCB,PCB,PCB Bancorp
PCSB,PCSB,PCSB Financial Corp
PDFS,PDFS,PDF Solutions Inc
BTU,BTU,Peabody Energy Corp
PGC,PGC,Peapack-Gladstone Financial Corp
PEB,PEB,Pebblebrook Hotel Trust
MD,MD,Pediatrix Medical Group Inc
PFSI,PFSI,PennyMac Financial Services Inc
PMT,PMT,PennyMac Mortgage Investment Trust
PEBO,PEBO,Peoples Bancorp Inc
PFIS,PFIS,Peoples Financial Services Corp
PRDO,PRDO,Perdoceo Education Corp
PRFT,PRFT,Perficient Inc
PRM,PRM,Perimeter Solutions SA
PR,PR,Permian Resources Corp
PETQ,PETQ,PetIQ Inc
PETS,PETS,PetMed Express Inc
PGTI,PGTI,PGT Innovations Inc
PAHC,PAHC,Phibro Animal Health Corp
PECO,PECO,Phillips Edison & Co Inc
PLAB,PLAB,Photronics Inc
DOC,DOC,Physicians Realty Trust
PLL,PLL,Piedmont Lithium Inc
PDM,PDM,Piedmont Office Realty Trust Inc
PING,PING,Ping Identity Holding Corp
PIPR,PIPR,Piper Sandler Cos
PBI,PBI,Pitney Bowes Inc
PJT,PJT,PJT Partners Inc
MYPS,MYPS,Playstudios Inc
PLXS,PLXS,Plexus Corp
PLYM,PLYM,Plymouth Industrial REIT Inc
PNM,PNM,PNM Resources Inc
POR,POR,Portland General Electric Co
PSTL,PSTL,Postal Realty Trust Inc
PCH,PCH,PotlatchDeltic Corp
POWL,POWL,Powell Industries Inc
POWI,POWI,Power Integrations Inc
PRAA,PRAA,PRA Group Inc
PFBC,PFBC,Preferred Bank
PLPC,PLPC,Preformed Line Products Co
PFC,PFC,Premier Financial Corp
PBH,PBH,Prestige Consumer Healthcare Inc
PSMT,PSMT,PriceSmart Inc
FRST,FRST,Primis Financial Corp
PRMW,PRMW,Primo Water Corp
PRIM,PRIM,Primoris Services Corp
PRA,PRA,ProAssurance Corp
PRG,PRG,PROG Holdings Inc
PRGS,PRGS,Progress Software Corp
PGNY,PGNY,Progyny Inc
RXDX,RXDX,Prometheus Biosciences Inc
PUMP,PUMP,ProPetro Holding Corp
PRO,PRO,PROS Holdings Inc
PRTA,PRTA,Prothena Corp PLC
PRLB,PRLB,Proto Labs Inc
PFS,PFS,Provident Financial Services Inc
PTCT,PTCT,PTC Therapeutics Inc
PUBM,PUBM,PubMatic Inc
PCYO,PCYO,Pure Cycle Corp
PZN,PZN,Pzena Investment Management Inc
QCRH,QCRH,QCR Holdings Inc
KWR,KWR,Quaker Chemical Corp
QLYS,QLYS,Qualys Inc
NX,NX,Quanex Building Products Corp
QNST,QNST,QuinStreet Inc
QRTEA,QRTEA,Qurate Retail Inc
RCM,RCM,R1 RCM Inc
RXT,RXT,Rackspace Technology Inc
RDN,RDN,Radian Group Inc
RLGT,RLGT,Radiant Logistics Inc
RADI,RADI,Radius Global Infrastructure Inc
RDNT,RDNT,RadNet Inc
METC,METC,Ramaco Resources Inc
RMBS,RMBS,Rambus Inc
ROCC,ROCC,Ranger Oil Corp
RPD,RPD,Rapid7 Inc
RYAM,RYAM,Rayonier Advanced Materials Inc
ROLL,ROLL,RBC Bearings Inc
RICK,RICK,RCI Hospitality Holdings Inc
RMAX,RMAX,RE/MAX Holdings Inc
RC,RC,Ready Capital Corp
RRR,RRR,Red Rock Resorts Inc
RDVT,RDVT,Red Violet Inc
RDFN,RDFN,Redfin Corp
RWT,RWT,Redwood Trust Inc
RGNX,RGNX,REGENXBIO Inc
RM,RM,Regional Management Corp
RELY,RELY,Remitly Global Inc
RNST,RNST,Renasant Corp
RCII,RCII,Rent-A-Center Inc
RPAY,RPAY,Repay Holdings Corp
RBCAA,RBCAA,Republic Bancorp Inc
REZI,REZI,Resideo Technologies Inc
RFP,RFP,Resolute Forest Products Inc
RGP,RGP,Resources Connection Inc
ROIC,ROIC,Retail Opportunity Investments Corp
REVG,REVG,REV Group Inc
RVLV,RVLV,Revolve Group Inc
REX,REX,REX American Resources Corp
RBBN,RBBN,Ribbon Communications Inc
RMNI,RMNI,Rimini Street Inc
REI,REI,Ring Energy Inc
RAD,RAD,Rite Aid Corp
RLI,RLI,RLI Corp
RLJ,RLJ,RLJ Lodging Trust
RMR,RMR,RMR Group Inc
ROG,ROG,Rogers Corp
RES,RES,RPC Inc
RPT,RPT,RPT Realty
RUSHA,RUSHA,Rush Enterprises Inc
RUSHB,RUSHB,Rush Enterprises Inc
RSI,RSI,Rush Street Interactive Inc
RYI,RYI,Ryerson Holding Corp
RHP,RHP,Ryman Hospitality Properties Inc
STBA,STBA,S&T Bancorp Inc
SBRA,SBRA,Sabra Health Care REIT Inc
SB,SB,Safe Bulkers Inc
SAFT,SAFT,Safety Insurance Group Inc
SAIA,SAIA,Saia Inc
SBH,SBH,Sally Beauty Holdings Inc
SD,SD,SandRidge Energy Inc
SASR,SASR,Sandy Spring Bancorp Inc
SANM,SANM,Sanmina Corp
SPNS,SPNS,Sapiens International Corp NV
BFS,BFS,Saul Centers Inc
SCSC,SCSC,ScanSource Inc
SCHN,SCHN,Schnitzer Steel Industries Inc
SCHL,SCHL,Scholastic Corp
STNG,STNG,Scorpio Tankers Inc
SBCF,SBCF,Seacoast Banking Corp of Florida
SPNE,SPNE,SeaSpine Holdings Corp
SEAS,SEAS,SeaWorld Entertainment Inc
SCWX,SCWX,SecureWorks Corp
SEM,SEM,Select Medical Holdings Corp
SIGI,SIGI,Selective Insurance Group Inc
SMTC,SMTC,Semtech Corp
SXT,SXT,Sensient Technologies Corp
SVC,SVC,Service Properties Trust
SFBS,SFBS,ServisFirst Bancshares Inc
SFL,SFL,SFL Corp Ltd
SWAV,SWAV,Shockwave Medical Inc
SCVL,SCVL,Shoe Carnival Inc
SHBI,SHBI,Shore Bancshares Inc
SSTI,SSTI,ShotSpotter Inc
SSTK,SSTK,Shutterstock Inc
SHYF,SHYF,Shyft Group Inc
SIBN,SIBN,SI-BONE Inc
BSRR,BSRR,Sierra Bancorp
SIG,SIG,Signet Jewelers Ltd
SLAB,SLAB,Silicon Laboratories Inc
SILK,SILK,Silk Road Medical Inc
SBOW,SBOW,SilverBow Resources Inc
SI,SI,Silvergate Capital Corp
SFNC,SFNC,Simmons First National Corp
SMPL,SMPL,Simply Good Foods Co
SSD,SSD,Simpson Manufacturing Co Inc
SBGI,SBGI,Sinclair Broadcast Group Inc
SPNT,SPNT,SiriusPoint Ltd
SITC,SITC,SITE Centers Corp
SITM,SITM,SiTime Corp
STR,STR,Sitio Royalties Corp
SJW,SJW,SJW Group
SKIL,SKIL,Skillsoft Corp
SKLZ,SKLZ,Skillz Inc
SKY,SKY,Skyline Champion Corp
SKYW,SKYW,SkyWest Inc
SNBR,SNBR,Sleep Number Corp
SM,SM,SM Energy Co
SGH,SGH,SMART Global Holdings Inc
SMBK,SMBK,SmartFinancial Inc
SWBI,SWBI,Smith & Wesson Brands Inc
SOI,SOI,Solaris Oilfield Infrastructure Inc
SAH,SAH,Sonic Automotive Inc
SONO,SONO,Sonos Inc
SJI,SJI,South Jersey Industries Inc
SFST,SFST,Southern First Bancshares Inc
SMBC,SMBC,Southern Missouri Bancorp Inc
SBSI,SBSI,Southside Bancshares Inc
SSB,SSB,SouthState Corp
SWX,SWX,Southwest Gas Holdings Inc
SP,SP,SP Plus Corp
SPTN,SPTN,SpartanNash Co
SR,SR,Spire Inc
SPWH,SPWH,Sportsmans Warehouse Holdings Inc
SPT,SPT,Sprout Social Inc
SFM,SFM,Sprouts Farmers Market Inc
SPSC,SPSC,SPS Commerce Inc
SPXC,SPXC,SPX Technologies Inc
SQSP,SQSP,Squarespace Inc
JOE,JOE,St Joe Co
STAA,STAA,STAAR Surgical Co
STAG,STAG,STAG Industrial Inc
STGW,STGW,Stagwell Inc
SMP,SMP,Standard Motor Products Inc
SXI,SXI,Standex International Corp
SCS,SCS,Steelcase Inc
SCL,SCL,Stepan Co
STEP,STEP,StepStone Group Inc
STRL,STRL,Sterling Infrastructure Inc
SHOO,SHOO,Steven Madden Ltd
STC,STC,Stewart Information Services Corp
SFIX,SFIX,Stitch Fix Inc
SYBT,SYBT,Stock Yards Bancorp Inc
STNE,STNE,StoneCo Ltd
SRI,SRI,Stoneridge Inc
SNEX,SNEX,StoneX Group Inc
STRA,STRA,Strategic Education Inc
LRN,LRN,Stride Inc
RGR,RGR,Sturm Ruger & Co Inc
SMMF,SMMF,Summit Financial Group Inc
INN,INN,Summit Hotel Properties Inc
SUM,SUM,Summit Materials Inc
SXC,SXC,SunCoke Energy Inc
NOVA,NOVA,Sunnova Energy International Inc
SHO,SHO,Sunstone Hotel Investors Inc
SMCI,SMCI,Super Micro Computer Inc
SUPN,SUPN,Supernus Pharmaceuticals Inc
SGRY,SGRY,Surgery Partners Inc
SRDX,SRDX,Surmodics Inc
SLVM,SLVM,Sylvamo Corp
SYNA,SYNA,Synaptics Inc
SNDX,SNDX,Syndax Pharmaceuticals Inc
TCMD,TCMD,Tactile Systems Technology Inc
TALO,TALO,Talos Energy Inc
SKT,SKT,Tanger Factory Outlet Centers Inc
TMHC,TMHC,Taylor Morrison Home Corp
TTGT,TTGT,TechTarget Inc
TGNA,TGNA,TEGNA Inc
TDS,TDS,Telephone and Data Systems Inc
TELL,TELL,Tellurian Inc
TENB,TENB,Tenable Holdings Inc
TNC,TNC,Tennant Co
TEX,TEX,Terex Corp
TRNO,TRNO,Terreno Realty Corp
TTI,TTI,TETRA Technologies Inc
TCBI,TCBI,Texas Capital Bancshares Inc
TXRH,TXRH,Texas Roadhouse Inc
TGH,TGH,Textainer Group Holdings Ltd
THRY,THRY,Thryv Holdings Inc
TDW,TDW,Tidewater Inc
TMST,TMST,TimkenSteel Corp
TWI,TWI,Titan International Inc
TITN,TITN,Titan Machinery Inc
TMP,TMP,Tompkins Financial Corp
TR,TR,Tootsie Roll Industries Inc
MODG,MODG,Topgolf Callaway Brands Corp
TOWN,TOWN,Towne Bank
TRTX,TRTX,TPG RE Finance Trust Inc
TRNS,TRNS,Transcat Inc
TA,TA,TravelCenters of America Inc
TVTX,TVTX,Travere Therapeutics Inc
TG,TG,Tredegar Corp
THS,THS,TreeHouse Foods Inc
TPH,TPH,Tri Pointe Homes Inc
TCBK,TCBK,TriCo Bancshares
TRS,TRS,TriMas Corp
TNET,TNET,TriNet Group Inc
TRN,TRN,Trinity Industries Inc
TSE,TSE,Trinseo PLC
TRTN,TRTN,Triton International Ltd
TBK,TBK,Triumph Bancorp Inc
TROX,TROX,Tronox Holdings PLC
TBI,TBI,TrueBlue Inc
TRUE,TRUE,TrueCar Inc
TRST,TRST,TrustCo Bank Corp NY
TRMK,TRMK,Trustmark Corp
TTEC,TTEC,TTEC Holdings Inc
TTMI,TTMI,TTM Technologies Inc
TUP,TUP,Tupperware Brands Corp
TPB,TPB,Turning Point Brands Inc
HEAR,HEAR,Turtle Beach Corp
TPC,TPC,Tutor Perini Corp
TWO,TWO,Two Harbors Investment Corp
UDMY,UDMY,Udemy Inc
UFPI,UFPI,UFP Industries Inc
UFPT,UFPT,UFP Technologies Inc
UCTT,UCTT,Ultra Clean Holdings Inc
UMBF,UMBF,UMB Financial Corp
UMH,UMH,UMH Properties Inc
UFI,UFI,Unifi Inc
UNF,UNF,UniFirst Corp
UIS,UIS,Unisys Corp
UBSI,UBSI,United Bankshares Inc
UCBI,UCBI,United Community Banks Inc
UFCS,UFCS,United Fire Group Inc
UNFI,UNFI,United Natural Foods Inc
USM,USM,United States Cellular Corp
USLM,USLM,United States Lime & Minerals Inc
UNIT,UNIT,Uniti Group Inc
UTL,UTL,Unitil Corp
UNTY,UNTY,Unity Bancorp Inc
UVV,UVV,Universal Corp
UHT,UHT,Universal Health Realty Income Trust
UVE,UVE,Universal Insurance Holdings Inc
UTI,UTI,Universal Technical Institute Inc
UVSP,UVSP,Univest Financial Corp
UPLD,UPLD,Upland Software Inc
UPWK,UPWK,Upwork Inc
UEC,UEC,Uranium Energy Corp
UE,UE,Urban Edge Properties
URBN,URBN,Urban Outfitters Inc
UBA,UBA,Urstadt Biddle Properties Inc
USPH,USPH,US Physical Therapy Inc
SLCA,SLCA,US Silica Holdings Inc
USNA,USNA,USANA Health Sciences Inc
UTZ,UTZ,Utz Brands Inc
VVX,VVX,V2X Inc
EGY,EGY,VAALCO Energy Inc
VAL,VAL,Valaris Ltd
VLY,VLY,Valley National Bancorp
VNDA,VNDA,Vanda Pharmaceuticals Inc
VREX,VREX,Varex Imaging Corp
VRNS,VRNS,Varonis Systems Inc
PCVX,PCVX,Vaxcyte Inc
VGR,VGR,Vector Group Ltd
VECO,VECO,Veeco Instruments Inc
VCYT,VCYT,Veracyte Inc
VCEL,VCEL,Vericel Corp
VRNT,VRNT,Verint Systems Inc
VRE,VRE,Veris Residential Inc
VBTX,VBTX,Veritex Holdings Inc
VRTV,VRTV,Veritiv Corp
VERI,VERI,Veritone Inc
VRRM,VRRM,Verra Mobility Corp
VTNR,VTNR,Vertex Energy Inc
VIA,VIA,Via Renewables Inc
VIAV,VIAV,Viavi Solutions Inc
VICR,VICR,Vicor Corp
VIEW,VIEW,View Inc
VLGEA,VLGEA,Village Super Market Inc
VIR,VIR,Vir Biotechnology Inc
VRTS,VRTS,Virtus Investment Partners Inc
VSH,VSH,Vishay Intertechnology Inc
VPG,VPG,Vishay Precision Group Inc
VSTO,VSTO,Vista Outdoor Inc
VC,VC,Visteon Corp
VITL,VITL,Vital Farms Inc
WTI,WTI,W&T Offshore Inc
WNC,WNC,Wabash National Corp
WD,WD,Walker & Dunlop Inc
HCC,HCC,Warrior Met Coal Inc
WAFD,WAFD,Washington Federal Inc
WRE,WRE,Washington Real Estate Investment Trust
WASH,WASH,Washington Trust Bancorp Inc
WSBF,WSBF,Waterstone Financial Inc
WTS,WTS,Watts Water Technologies Inc
WDFC,WDFC,WD-40 Co
WFRD,WFRD,Weatherford International PLC
WMK,WMK,Weis Markets Inc
WERN,WERN,Werner Enterprises Inc
WSBC,WSBC,WesBanco Inc
WTBA,WTBA,West BanCorp Inc
WABC,WABC,Westamerica BanCorp
WSR,WSR,Whitestone REIT
WOW,WOW,WideOpenWest Inc
WLDN,WLDN,Willdan Group Inc
WING,WING,Wingstop Inc
WINA,WINA,Winmark Corp
WGO,WGO,Winnebago Industries Inc
WWW,WWW,Wolverine World Wide Inc
WK,WK,Workiva Inc
WRLD,WRLD,World Acceptance Corp
INT,INT,World Fuel Services Corp
WOR,WOR,Worthington Industries Inc
WSFS,WSFS,WSFS Financial Corp
WW,WW,WW International Inc
XNCR,XNCR,Xencor Inc
XHR,XHR,Xenia Hotels & Resorts Inc
XRX,XRX,Xerox Holdings Corp
XPEL,XPEL,XPEL Inc
XPER,XPER,Xperi Holding Corp
YELP,YELP,Yelp Inc
YEXT,YEXT,Yext Inc
YORW,YORW,York Water Co
ZETA,ZETA,Zeta Global Holdings Corp
ZD,ZD,Ziff Davis Inc
ZIMV,ZIMV,Zimvie Inc
ZIP,ZIP,ZipRecruiter Inc
ZUMZ,ZUMZ,Zumiez Inc
ZUO,ZUO,Zuora Inc
ZWS,ZWS,Zurn Elkay Water Solutions Corp
ZYXI,ZYXI,Zynex Inc
